Estimation Method,Energy (Wh)
Basic (Raw),148.85829651055553
Smoothed (Filtered),148.88107722544007
Voltage Sag Compensated,152.04278580131944
Average,149.92738651243835
